ProfileID,MeastID,U-Sensor,GapPresentBits_Gap3233toGap0001,meast_idx
283718,63,0.036,000000000111111111111111000000000,62
283719,64,0.08,000000000111111111111111000000000,63
283720,65,0.124,000000000111111111111111000000000,64
283721,66,0.169,000000000111111111111111000000000,65
283722,67,0.215,000000000111111111111111000000000,66
283723,68,0.262,000000000111111111111111000000000,67
283724,69,0.311,000000000111111111111111000000000,68
283725,70,0.362,000000000111111111111111000000000,69
283726,71,0.413,000000000111111111111111000000000,70
283727,72,0.466,000000000111111111111111000000000,71
283728,73,0.519,000000000111111111111111000000000,72
283729,74,0.574,000000000111111111111111000000000,73
283730,75,0.63,000000000111111111111111000000000,74
283731,76,0.687,000000000111111111111111000000000,75
283732,77,0.745,000000000111111111111111000000000,76
283733,78,0.804,000000000111111111111111000000000,77
283734,79,0.863,000000000111111111111111000000000,78
283735,80,0.924,000000000111111111111111000000000,79
283736,81,0.986,000000000111111111111111000000000,80
283737,82,1.047,000000000111111111111111000000000,81
283738,83,1.11,000000000111111111111111000000000,82
283739,84,1.173,000000000111111111111111000000000,83
283740,85,1.236,000000000111111111111111000000000,84
283741,86,1.3,000000000111111111111111000000000,85
283742,87,1.364,000000000111111111111111000000000,86
283743,88,1.427,000000000111111111111111000000000,87
283744,89,1.49,000000000111111111111111000000000,88
283745,90,1.554,000000000111111111111111000000000,89
283746,91,1.617,000000000111111111111111000000000,90
283747,92,1.681,000000000111111111111111000000000,91
283748,93,1.744,000000000111111111111111000000000,92
283749,94,1.808,000000000111111111111111000000000,93
283750,95,1.872,000000000111111111111111000000000,94
283751,96,1.936,000000000111111111111111000000000,95
283752,97,1.999,000000000111111111111111000000000,96
283753,98,2.063,000000000111111111111111000000000,97
283754,99,2.127,000000000111111111111111000000000,98
283755,100,2.19,000000000111111111111111000000000,99
283756,101,2.254,000000000111111111111111000000000,100
283757,102,2.317,000000000111111111111111000000000,101
283758,103,2.381,000000000111111111111111000000000,102
283759,104,2.445,000000000111111111111111000000000,103
283760,105,2.509,000000000111111111111111000000000,104
283761,106,2.572,000000000111111111111111000000000,105
283762,107,2.636,000000000111111111111111000000000,106
283763,108,2.699,000000000111111111111111000000000,107
283764,109,2.763,000000000111111111111111000000000,108
283765,110,2.827,000000000111111111111111000000000,109
283766,111,2.891,000000000111111111111111000000000,110
283767,112,2.954,000000000111111111111111000000000,111
283768,113,3.017,000000000111111111111111000000000,112
283769,114,3.081,000000000111111111111111000000000,113
283770,115,3.145,000000000111111111111111000000000,114
283771,116,3.208,000000000111111111111111000000000,115
283772,117,3.272,000000000111111111111111000000000,116
283773,118,3.336,000000000111111111111111000000000,117
283774,119,3.4,000000000111111111111111000000000,118
283775,120,3.464,000000000111111111111111000000000,119
283776,121,3.527,000000000111111111111111000000000,120
283777,122,3.59,000000000111111111111111000000000,121
283778,123,3.654,000000000111111111111111000000000,122
283779,124,3.717,000000000111111111111111000000000,123
283780,125,3.78,000000000111111111111111000000000,124
283781,126,3.844,000000000111111111111111000000000,125
283782,127,3.908,000000000111111111111111000000000,126
283783,128,3.971,000000000111111111111111000000000,127
283784,129,4.035,000000000111111111111111000000000,128
283785,130,4.099,000000000111111111111111000000000,129
283786,131,4.163,000000000111111111111111000000000,130
283787,132,4.227,000000000111111111111111000000000,131
283788,133,4.29,000000000111111111111111000000000,132
283789,134,4.354,000000000111111111111111000000000,133
283790,135,4.417,000000000111111111111111000000000,134
283791,136,4.481,000000000111111111111111000000000,135
283792,137,4.545,000000000111111111111111000000000,136
283793,138,4.608,000000000111111111111111000000000,137
283794,139,4.672,000000000111111111111111000000000,138
283795,140,4.736,000000000111111111111111000000000,139
283796,141,4.799,000000000111111111111111000000000,140
283797,142,4.863,000000000111111111111111000000000,141
283798,143,4.926,000000000111111111111111000000000,142
283799,144,4.99,000000000111111111111111000000000,143
283831,176,7.025,000000000111111111111111000000000,175
283832,177,7.089,000000000111111111111111000000000,176
283833,178,7.153,000000000111111111111111000000000,177
283834,179,7.216,000000000111111111111111000000000,178
283835,180,7.28,000000000111111111111111000000000,179
283836,181,7.344,000000000111111111111111000000000,180
283837,182,7.407,000000000111111111111111000000000,181
283838,183,7.471,000000000111111111111111000000000,182
283839,184,7.534,000000000111111111111111000000000,183
283840,185,7.598,000000000111111111111111000000000,184
283841,186,7.662,000000000111111111111111000000000,185
283842,187,7.725,000000000111111111111111000000000,186
283843,188,7.789,000000000111111111111111000000000,187
283844,189,7.853,000000000111111111111111000000000,188
283845,190,7.916,000000000111111111111111000000000,189
283846,191,7.981,000000000111111111111111000000000,190
283847,192,8.044,000000000111111111111111000000000,191
283848,193,8.108,000000000111111111111111000000000,192
283849,194,8.171,000000000111111111111111000000000,193
283850,195,8.236,000000000111111111111111000000000,194
283851,196,8.299,000000000111111111111111000000000,195
283852,197,8.362,000000000111111111111111000000000,196
283853,198,8.426,000000000111111111111111000000000,197
283854,199,8.49,000000000111111111111111000000000,198
283855,200,8.553,000000000111111111111111000000000,199
283856,201,8.617,000000000111111111111111000000000,200
283857,202,8.681,000000000111111111111111000000000,201
283858,203,8.744,000000000111111111111111000000000,202
283859,204,8.808,000000000111111111111111000000000,203
283860,205,8.872,000000000111111111111111000000000,204
283861,206,8.935,000000000111111111111111000000000,205
283862,207,8.999,000000000111111111111111000000000,206
283863,208,9.062,000000000111111111111111000000000,207
283864,209,9.126,000000000111111111111111000000000,208
283865,210,9.19,000000000111111111111111000000000,209
283866,211,9.253,000000000111111111111111000000000,210
283867,212,9.317,000000000111111111111111000000000,211
283868,213,9.38,000000000111111111111111000000000,212
283869,214,9.443,000000000111111111111111000000000,213
283870,215,9.507,000000000111111111111111000000000,214
283871,216,9.571,000000000111111111111111000000000,215
283872,217,9.634,000000000111111111111111000000000,216
283873,218,9.698,000000000111111111111111000000000,217
283874,219,9.762,000000000111111111111111000000000,218
283875,220,9.825,000000000111111111111111000000000,219
283876,221,9.889,000000000111111111111111000000000,220
283877,222,9.953,000000000111111111111111000000000,221
283878,223,10.016,000000000111111111111111000000000,222
283879,224,10.08,000000000111111111111111000000000,223
283880,225,10.143,000000000111111111111111000000000,224
283881,226,10.207,000000000111111111111111000000000,225
283882,227,10.271,000000000111111111111111000000000,226
283883,228,10.334,000000000111111111111111000000000,227
283884,229,10.398,000000000111111111111111000000000,228
283885,230,10.462,000000000111111111111111000000000,229
283886,231,10.525,000000000111111111111111000000000,230
283887,232,10.589,000000000111111111111111000000000,231
283888,233,10.652,000000000111111111111111000000000,232
283889,234,10.717,000000000111111111111111000000000,233
283890,235,10.78,000000000111111111111111000000000,234
283891,236,10.844,000000000111111111111111000000000,235
283892,237,10.908,000000000111111111111111000000000,236
283893,238,10.972,000000000111111111111111000000000,237
283894,239,11.035,000000000111111111111111000000000,238
283895,240,11.099,000000000111111111111111000000000,239
283896,241,11.162,000000000111111111111111000000000,240
283897,242,11.226,000000000111111111111111000000000,241
283898,243,11.289,000000000111111111111111000000000,242
283899,244,11.353,000000000111111111111111000000000,243
283900,245,11.417,000000000111111111111111000000000,244
283901,246,11.48,000000000111111111111111000000000,245
283902,247,11.544,000000000111111111111111000000000,246
283903,248,11.608,000000000111111111111111000000000,247
283904,249,11.671,000000000111111111111111000000000,248
283905,250,11.735,000000000111111111111111000000000,249
283906,251,11.798,000000000111111111111111000000000,250
283907,252,11.861,000000000111111111111111000000000,251
283908,253,11.925,000000000111111111111111000000000,252
283909,254,11.989,000000000111111111111111000000000,253
283941,286,14.025,000000000111111111111111000000000,285
283942,287,14.088,000000000111111111111111000000000,286
283943,288,14.152,000000000111111111111111000000000,287
283944,289,14.216,000000000111111111111111000000000,288
283945,290,14.28,000000000111111111111111000000000,289
283946,291,14.343,000000000111111111111111000000000,290
283947,292,14.407,000000000111111111111111000000000,291
283948,293,14.47,000000000111111111111111000000000,292
283949,294,14.534,000000000111111111111111000000000,293
283950,295,14.597,000000000111111111111111000000000,294
283951,296,14.661,000000000111111111111111000000000,295
283952,297,14.725,000000000111111111111111000000000,296
283953,298,14.789,000000000111111111111111000000000,297
283954,299,14.852,000000000111111111111111000000000,298
283955,300,14.917,000000000111111111111111000000000,299
283956,301,14.98,000000000111111111111111000000000,300
283957,302,15.043,000000000111111111111111000000000,301
283958,303,15.107,000000000111111111111111000000000,302
283959,304,15.17,000000000111111111111111000000000,303
283960,305,15.234,000000000111111111111111000000000,304
283961,306,15.297,000000000111111111111111000000000,305
283962,307,15.361,000000000111111111111111000000000,306
283963,308,15.425,000000000111111111111111000000000,307
283964,309,15.488,000000000111111111111111000000000,308
283965,310,15.552,000000000111111111111111000000000,309
283966,311,15.616,000000000111111111111111000000000,310
283967,312,15.68,000000000111111111111111000000000,311
283968,313,15.744,000000000111111111111111000000000,312
283969,314,15.807,000000000111111111111111000000000,313
283970,315,15.871,000000000111111111111111000000000,314
283971,316,15.934,000000000111111111111111000000000,315
283972,317,15.998,000000000111111111111111000000000,316
283973,318,16.062,000000000111111111111111000000000,317
283974,319,16.125,000000000111111111111111000000000,318
283975,320,16.189,000000000111111111111111000000000,319
283976,321,16.252,000000000111111111111111000000000,320
283977,322,16.316,000000000111111111111111000000000,321
283978,323,16.38,000000000111111111111111000000000,322
283979,324,16.443,000000000111111111111111000000000,323
283980,325,16.507,000000000111111111111111000000000,324
283981,326,16.57,000000000111111111111111000000000,325
283982,327,16.634,000000000111111111111111000000000,326
283983,328,16.697,000000000111111111111111000000000,327
283984,329,16.761,000000000111111111111111000000000,328
283985,330,16.825,000000000111111111111111000000000,329
283986,331,16.888,000000000111111111111111000000000,330
283987,332,16.952,000000000111111111111111000000000,331
283988,333,17.016,000000000111111111111111000000000,332
283989,334,17.079,000000000111111111111111000000000,333
283990,335,17.143,000000000111111111111111000000000,334
283991,336,17.206,000000000111111111111111000000000,335
283992,337,17.27,000000000111111111111111000000000,336
283993,338,17.334,000000000111111111111111000000000,337
283994,339,17.397,000000000111111111111111000000000,338
283995,340,17.461,000000000111111111111111000000000,339
283996,341,17.525,000000000111111111111111000000000,340
283997,342,17.589,000000000111111111111111000000000,341
283998,343,17.653,000000000111111111111111000000000,342
283999,344,17.716,000000000111111111111111000000000,343
284000,345,17.78,000000000111111111111111000000000,344
284001,346,17.844,000000000111111111111111000000000,345
284002,347,17.907,000000000111111111111111000000000,346
284003,348,17.971,000000000111111111111111000000000,347
284004,349,18.035,000000000111111111111111000000000,348
284005,350,18.098,000000000111111111111111000000000,349
284006,351,18.161,000000000111111111111111000000000,350
284007,352,18.225,000000000111111111111111000000000,351
284008,353,18.288,000000000111111111111111000000000,352
284009,354,18.353,000000000111111111111111000000000,353
284010,355,18.416,000000000111111111111111000000000,354
284011,356,18.48,000000000111111111111111000000000,355
284012,357,18.543,000000000111111111111111000000000,356
284013,358,18.607,000000000111111111111111000000000,357
284014,359,18.67,000000000111111111111111000000000,358
284015,360,18.734,000000000111111111111111000000000,359
284016,361,18.797,000000000111111111111111000000000,360
284017,362,18.861,000000000111111111111111000000000,361
284018,363,18.925,000000000111111111111111000000000,362
284019,364,18.988,000000000111111111111111000000000,363
284020,365,19.052,000000000111111111111111000000000,364
284021,366,19.116,000000000111111111111110000000000,365
284022,367,19.179,000000000111111111111110000000000,366
284023,368,19.242,000000000111111111111100000000000,367
284024,369,19.306,000000000111111111111100000000000,368
284025,370,19.37,000000000111111111111000000000000,369
284026,371,19.433,000000000111111111111000000000000,370
284027,372,19.497,000000000111111111110000000000000,371
284028,373,19.561,000000000111111111100000000000000,372
284029,374,19.625,000000000111111111100000000000000,373
284030,375,19.689,000000000111111111000000000000000,374
284031,376,19.752,000000000111111111000000000000000,375
284032,377,19.816,000000000111111110000000000000000,376
284033,378,19.88,000000000111111110000000000000000,377
284034,379,19.943,000000000111111100000000000000000,378
284035,380,20.007,000000000111111100000000000000000,379
284036,381,20.07,000000000111111000000000000000000,380
284037,382,20.134,000000000111111000000000000000000,381
284038,383,20.198,000000000111110000000000000000000,382
284039,384,20.261,000000000111110000000000000000000,383
284040,385,20.325,000000000111100000000000000000000,384
284041,386,20.389,000000000111100000000000000000000,385
284042,387,20.452,000000000111000000000000000000000,386
284043,388,20.516,000000000111000000000000000000000,387
284044,389,20.58,000000000110000000000000000000000,388
284045,390,20.643,000000000110000000000000000000000,389
284046,391,20.707,000000000100000000000000000000000,390
284047,392,20.771,000000000100000000000000000000000,391
284085,430,23.189,000000000000000000000001000000000,429
284086,431,23.252,000000000000000000000001000000000,430
284087,432,23.315,000000000000000000000011000000000,431
284088,433,23.379,000000000000000000000011000000000,432
284089,434,23.443,000000000000000000000111000000000,433
284090,435,23.505,000000000000000000000111000000000,434
284091,436,23.57,000000000000000000001111000000000,435
284092,437,23.633,000000000000000000001111000000000,436
284093,438,23.697,000000000000000000011111000000000,437
284094,439,23.76,000000000000000000011111000000000,438
284095,440,23.824,000000000000000000111111000000000,439
284096,441,23.887,000000000000000000111111000000000,440
284097,442,23.951,000000000000000001111111000000000,441
284098,443,24.015,000000000000000001111111000000000,442
284099,444,24.079,000000000000000011111111000000000,443
284100,445,24.143,000000000000000011111111000000000,444
284101,446,24.206,000000000000000111111111000000000,445
284102,447,24.269,000000000000000111111111000000000,446
284103,448,24.333,000000000000001111111111000000000,447
284104,449,24.397,000000000000001111111111000000000,448
284105,450,24.46,000000000000011111111111000000000,449
284106,451,24.524,000000000000011111111111000000000,450
284107,452,24.587,000000000000111111111111000000000,451
284108,453,24.651,000000000000111111111111000000000,452
284109,454,24.714,000000000001111111111111000000000,453
284110,455,24.778,000000000001111111111111000000000,454
284111,456,24.842,000000000011111111111111000000000,455
284112,457,24.907,000000000011111111111111000000000,456
284113,458,24.969,000000000111111111111111000000000,457
284114,459,25.033,000000000111111111111111000000000,458
284115,460,25.096,000000000111111111111111000000000,459
284116,461,25.16,000000000111111111111111000000000,460
284117,462,25.224,000000000111111111111111000000000,461
284118,463,25.287,000000000111111111111111000000000,462
284119,464,25.351,000000000111111111111111000000000,463
284120,465,25.415,000000000111111111111111000000000,464
284121,466,25.479,000000000111111111111111000000000,465
284122,467,25.543,000000000111111111111111000000000,466
284123,468,25.607,000000000111111111111111000000000,467
284124,469,25.67,000000000111111111111111000000000,468
284125,470,25.734,000000000111111111111111000000000,469
284126,471,25.797,000000000111111111111111000000000,470
284127,472,25.861,000000000111111111111111000000000,471
284128,473,25.924,000000000111111111111111000000000,472
284129,474,25.988,000000000111111111111111000000000,473
284130,475,26.052,000000000111111111111111000000000,474
284131,476,26.116,000000000111111111111111000000000,475
284132,477,26.179,000000000111111111111111000000000,476
284133,478,26.242,000000000111111111111111000000000,477
284134,479,26.307,000000000111111111111111000000000,478
284135,480,26.37,000000000111111111111111000000000,479
284136,481,26.433,000000000111111111111111000000000,480
284137,482,26.497,000000000111111111111111000000000,481
284138,483,26.561,000000000111111111111111000000000,482
284139,484,26.624,000000000111111111111111000000000,483
284140,485,26.688,000000000111111111111111000000000,484
284141,486,26.752,000000000111111111111111000000000,485
284142,487,26.815,000000000111111111111111000000000,486
284143,488,26.879,000000000111111111111111000000000,487
284144,489,26.942,000000000111111111111111000000000,488
284145,490,27.006,000000000111111111111111000000000,489
284146,491,27.069,000000000111111111111111000000000,490
284147,492,27.132,000000000111111111111111000000000,491
284148,493,27.197,000000000111111111111111000000000,492
284149,494,27.261,000000000111111111111111000000000,493
284150,495,27.324,000000000111111111111111000000000,494
284151,496,27.388,000000000111111111111111000000000,495
284152,497,27.452,000000000111111111111111000000000,496
284153,498,27.515,000000000111111111111111000000000,497
284154,499,27.579,000000000111111111111111000000000,498
284155,500,27.642,000000000111111111111111000000000,499
284156,501,27.706,000000000111111111111111000000000,500
284157,502,27.77,000000000111111111111111000000000,501
284158,503,27.833,000000000111111111111111000000000,502
284159,504,27.897,000000000111111111111111000000000,503
284160,505,27.961,000000000111111111111111000000000,504
284161,506,28.024,000000000111111111111111000000000,505
284162,507,28.087,000000000111111111111111000000000,506
284163,508,28.152,000000000111111111111110000000000,507
284164,509,28.214,000000000111111111111110000000000,508
284165,510,28.278,000000000111111111111110000000000,509
284166,511,28.341,000000000111111111111110000000000,510
284167,512,28.405,000000000111111111111100000000000,511
284168,513,28.469,000000000111111111111100000000000,512
284169,514,28.532,000000000111111111111100000000000,513
284170,515,28.596,000000000111111111111100000000000,514
284171,516,28.66,000000000111111111111000000000000,515
284172,517,28.723,000000000111111111111000000000000,516
284173,518,28.787,000000000111111111111000000000000,517
284174,519,28.851,000000000111111111111000000000000,518
284175,520,28.915,000000000111111111110000000000000,519
284176,521,28.978,000000000111111111110000000000000,520
284177,522,29.042,000000000111111111110000000000000,521
284178,523,29.105,000000000111111111110000000000000,522
284179,524,29.169,000000000111111111100000000000000,523
284180,525,29.232,000000000111111111100000000000000,524
284181,526,29.296,000000000111111111100000000000000,525
284182,527,29.36,000000000111111111100000000000000,526
284183,528,29.424,000000000111111111000000000000000,527
284184,529,29.488,000000000111111111000000000000000,528
284185,530,29.551,000000000111111111000000000000000,529
284186,531,29.615,000000000111111111000000000000000,530
284187,532,29.679,000000000111111110000000000000000,531
284188,533,29.742,000000000111111110000000000000000,532
284189,534,29.806,000000000111111110000000000000000,533
284190,535,29.87,000000000111111110000000000000000,534
284191,536,29.933,000000000111111100000000000000000,535
284192,537,29.997,000000000111111100000000000000000,536
284193,538,30.061,000000000111111100000000000000000,537
284194,539,30.124,000000000111111000000000000000000,538
284195,540,30.188,000000000111111000000000000000000,539
284196,541,30.251,000000000111111000000000000000000,540
284197,542,30.315,000000000111111000000000000000000,541
284198,543,30.379,000000000111110000000000000000000,542
284199,544,30.442,000000000111110000000000000000000,543
284200,545,30.506,000000000111110000000000000000000,544
284201,546,30.57,000000000111110000000000000000000,545
284202,547,30.633,000000000111100000000000000000000,546
284203,548,30.696,000000000111100000000000000000000,547
284204,549,30.76,000000000111100000000000000000000,548
284205,550,30.824,000000000111100000000000000000000,549
284206,551,30.887,000000000111000000000000000000000,550
284207,552,30.951,000000000111000000000000000000000,551
284208,553,31.014,000000000111000000000000000000000,552
284209,554,31.078,000000000111000000000000000000000,553
284210,555,31.141,000000000110000000000000000000000,554
284211,556,31.205,000000000110000000000000000000000,555
284212,557,31.268,000000000110000000000000000000000,556
284213,558,31.332,000000000110000000000000000000000,557
284214,559,31.396,000000000100000000000000000000000,558
284215,560,31.46,000000000100000000000000000000000,559
284216,561,31.523,000000000100000000000000000000000,560
284217,562,31.587,000000000100000000000000000000000,561
284261,606,34.387,000000000000000000000001000000000,605
284262,607,34.451,000000000000000000000001000000000,606
284263,608,34.515,000000000000000000000001000000000,607
284264,609,34.578,000000000000000000000001000000000,608
284265,610,34.641,000000000000000000000011000000000,609
284266,611,34.705,000000000000000000000011000000000,610
284267,612,34.768,000000000000000000000011000000000,611
284268,613,34.832,000000000000000000000011000000000,612
284269,614,34.896,000000000000000000000111000000000,613
284270,615,34.959,000000000000000000000111000000000,614
284271,616,35.023,000000000000000000000111000000000,615
284272,617,35.086,000000000000000000000111000000000,616
284273,618,35.15,000000000000000000001111000000000,617
284274,619,35.213,000000000000000000001111000000000,618
284275,620,35.277,000000000000000000001111000000000,619
284276,621,35.341,000000000000000000001111000000000,620
284277,622,35.405,000000000000000000011111000000000,621
284278,623,35.468,000000000000000000011111000000000,622
284279,624,35.532,000000000000000000011111000000000,623
284280,625,35.596,000000000000000000011111000000000,624
284281,626,35.659,000000000000000000111111000000000,625
284282,627,35.723,000000000000000000111111000000000,626
284283,628,35.786,000000000000000000111111000000000,627
284284,629,35.85,000000000000000000111111000000000,628
284285,630,35.914,000000000000000001111111000000000,629
284286,631,35.978,000000000000000001111111000000000,630
284287,632,36.041,000000000000000001111111000000000,631
284288,633,36.105,000000000000000001111111000000000,632
284289,634,36.169,000000000000000011111111000000000,633
284290,635,36.233,000000000000000011111111000000000,634
284291,636,36.296,000000000000000011111111000000000,635
284292,637,36.36,000000000000000011111111000000000,636
284293,638,36.424,000000000000000111111111000000000,637
284294,639,36.487,000000000000000111111111000000000,638
284295,640,36.551,000000000000000111111111000000000,639
284296,641,36.615,000000000000000111111111000000000,640
284297,642,36.678,000000000000001111111111000000000,641
284298,643,36.742,000000000000001111111111000000000,642
284299,644,36.806,000000000000001111111111000000000,643
284300,645,36.869,000000000000001111111111000000000,644
284301,646,36.932,000000000000011111111111000000000,645
284302,647,36.996,000000000000011111111111000000000,646
284303,648,37.059,000000000000011111111111000000000,647
284304,649,37.123,000000000000111111111111000000000,648
284305,650,37.186,000000000000111111111111000000000,649
284306,651,37.25,000000000000111111111111000000000,650
284307,652,37.314,000000000000111111111111000000000,651
284308,653,37.377,000000000001111111111111000000000,652
284309,654,37.441,000000000001111111111111000000000,653
284310,655,37.505,000000000001111111111111000000000,654
284311,656,37.569,000000000001111111111111000000000,655
284312,657,37.631,000000000011111111111111000000000,656
284313,658,37.695,000000000011111111111111000000000,657
284314,659,37.759,000000000011111111111111000000000,658
284315,660,37.822,000000000011111111111111000000000,659
284316,661,37.886,000000000111111111111111000000000,660
284317,662,37.95,000000000111111111111111000000000,661
284318,663,38.014,000000000111111111111111000000000,662
284319,664,38.078,000000000111111111111111000000000,663
284320,665,38.142,000000000111111111111111000000000,664
284321,666,38.205,000000000111111111111111000000000,665
284322,667,38.268,000000000111111111111111000000000,666
284323,668,38.332,000000000111111111111111000000000,667
284324,669,38.396,000000000111111111111111000000000,668
284325,670,38.459,000000000111111111111111000000000,669
284326,671,38.522,000000000111111111111111000000000,670
284327,672,38.586,000000000111111111111111000000000,671
284328,673,38.65,000000000111111111111111000000000,672
284329,674,38.714,000000000111111111111111000000000,673
284330,675,38.778,000000000111111111111111000000000,674
284331,676,38.841,000000000111111111111111000000000,675
284332,677,38.905,000000000111111111111111000000000,676
284333,678,38.968,000000000111111111111111000000000,677
284334,679,39.032,000000000111111111111111000000000,678
284335,680,39.096,000000000111111111111111000000000,679
284336,681,39.16,000000000111111111111111000000000,680
284337,682,39.223,000000000111111111111111000000000,681
284338,683,39.286,000000000111111111111110000000000,682
284339,684,39.35,000000000111111111111110000000000,683
284340,685,39.413,000000000111111111111110000000000,684
284341,686,39.477,000000000111111111111110000000000,685
284342,687,39.541,000000000111111111111110000000000,686
284343,688,39.605,000000000111111111111110000000000,687
284344,689,39.669,000000000111111111111110000000000,688
284345,690,39.732,000000000111111111111110000000000,689
284346,691,39.795,000000000111111111111100000000000,690
284347,692,39.859,000000000111111111111100000000000,691
284348,693,39.923,000000000111111111111100000000000,692
284349,694,39.986,000000000111111111111100000000000,693
284350,695,40.049,000000000111111111111100000000000,694
284351,696,40.113,000000000111111111111100000000000,695
284352,697,40.177,000000000111111111111100000000000,696
284353,698,40.24,000000000111111111111000000000000,697
284354,699,40.305,000000000111111111111000000000000,698
284355,700,40.369,000000000111111111111000000000000,699
284356,701,40.432,000000000111111111111000000000000,700
284357,702,40.495,000000000111111111111000000000000,701
284358,703,40.559,000000000111111111111000000000000,702
284359,704,40.623,000000000111111111111000000000000,703
284360,705,40.686,000000000111111111111000000000000,704
284361,706,40.75,000000000111111111110000000000000,705
284362,707,40.814,000000000111111111110000000000000,706
284363,708,40.878,000000000111111111110000000000000,707
284364,709,40.941,000000000111111111110000000000000,708
284365,710,41.005,000000000111111111110000000000000,709
284366,711,41.069,000000000111111111110000000000000,710
284367,712,41.133,000000000111111111110000000000000,711
284368,713,41.196,000000000111111111110000000000000,712
284369,714,41.259,000000000111111111100000000000000,713
284370,715,41.322,000000000111111111100000000000000,714
284371,716,41.386,000000000111111111100000000000000,715
284372,717,41.449,000000000111111111100000000000000,716
284373,718,41.513,000000000111111111100000000000000,717
284374,719,41.576,000000000111111111100000000000000,718
284375,720,41.64,000000000111111111100000000000000,719
284376,721,41.704,000000000111111111100000000000000,720
284377,722,41.768,000000000111111111000000000000000,721
284378,723,41.832,000000000111111111000000000000000,722
284379,724,41.896,000000000111111111000000000000000,723
284380,725,41.959,000000000111111111000000000000000,724
284381,726,42.023,000000000111111111000000000000000,725
284382,727,42.086,000000000111111111000000000000000,726
284383,728,42.149,000000000111111111000000000000000,727
284384,729,42.213,000000000111111111000000000000000,728
284385,730,42.277,000000000111111110000000000000000,729
284386,731,42.342,000000000111111110000000000000000,730
284387,732,42.405,000000000111111110000000000000000,731
284388,733,42.468,000000000111111110000000000000000,732
284389,734,42.532,000000000111111110000000000000000,733
284390,735,42.596,000000000111111110000000000000000,734
284391,736,42.66,000000000111111110000000000000000,735
284392,737,42.723,000000000111111110000000000000000,736
284393,738,42.786,000000000111111100000000000000000,737
284394,739,42.849,000000000111111100000000000000000,738
284395,740,42.913,000000000111111100000000000000000,739
284396,741,42.977,000000000111111100000000000000000,740
284397,742,43.04,000000000111111100000000000000000,741
284398,743,43.103,000000000111111100000000000000000,742
284399,744,43.167,000000000111111100000000000000000,743
284400,745,43.231,000000000111111100000000000000000,744
284401,746,43.295,000000000111111000000000000000000,745
284402,747,43.358,000000000111111000000000000000000,746
284403,748,43.422,000000000111111000000000000000000,747
284404,749,43.485,000000000111111000000000000000000,748
284405,750,43.549,000000000111111000000000000000000,749
284406,751,43.613,000000000111111000000000000000000,750
284407,752,43.676,000000000111111000000000000000000,751
284408,753,43.74,000000000111110000000000000000000,752
284409,754,43.805,000000000111110000000000000000000,753
284410,755,43.868,000000000111110000000000000000000,754
284411,756,43.932,000000000111110000000000000000000,755
284412,757,43.996,000000000111110000000000000000000,756
284413,758,44.06,000000000111110000000000000000000,757
284414,759,44.123,000000000111110000000000000000000,758
284415,760,44.187,000000000111110000000000000000000,759
284416,761,44.25,000000000111100000000000000000000,760
284417,762,44.313,000000000111100000000000000000000,761
284418,763,44.377,000000000111100000000000000000000,762
284419,764,44.441,000000000111100000000000000000000,763
284420,765,44.505,000000000111100000000000000000000,764
284421,766,44.568,000000000111100000000000000000000,765
284422,767,44.632,000000000111100000000000000000000,766
284423,768,44.696,000000000111100000000000000000000,767
284424,769,44.759,000000000111100000000000000000000,768
284425,770,44.823,000000000111100000000000000000000,769
284426,771,44.886,000000000111000000000000000000000,770
284427,772,44.95,000000000111000000000000000000000,771
284428,773,45.013,000000000111000000000000000000000,772
284429,774,45.077,000000000111000000000000000000000,773
284430,775,45.14,000000000111000000000000000000000,774
284431,776,45.203,000000000111000000000000000000000,775
284432,777,45.268,000000000110000000000000000000000,776
284433,778,45.332,000000000110000000000000000000000,777
284434,779,45.395,000000000110000000000000000000000,778
284435,780,45.458,000000000110000000000000000000000,779
284436,781,45.522,000000000110000000000000000000000,780
284437,782,45.586,000000000110000000000000000000000,781
284438,783,45.65,000000000110000000000000000000000,782
284439,784,45.713,000000000110000000000000000000000,783
284440,785,45.777,000000000100000000000000000000000,784
284441,786,45.84,000000000100000000000000000000000,785
284442,787,45.904,000000000100000000000000000000000,786
284443,788,45.968,000000000100000000000000000000000,787
284444,789,46.031,000000000100000000000000000000000,788
284445,790,46.095,000000000100000000000000000000000,789
284446,791,46.158,000000000100000000000000000000000,790
284447,792,46.222,000000000100000000000000000000000,791
284491,836,49.021,000000000111111111111111000000000,835
284492,837,49.085,000000000111111111111111000000000,836
284493,838,49.149,000000000111111111111111000000000,837
284494,839,49.212,000000000111111111111111000000000,838
284495,840,49.276,000000000111111111111111000000000,839
284496,841,49.339,000000000111111111111111000000000,840
284497,842,49.403,000000000111111111111111000000000,841
284498,843,49.467,000000000111111111111111000000000,842
284499,844,49.53,000000000111111111111111000000000,843
284500,845,49.594,000000000111111111111111000000000,844
284501,846,49.658,000000000111111111111111000000000,845
284502,847,49.722,000000000111111111111111000000000,846
284503,848,49.785,000000000111111111111111000000000,847
284504,849,49.849,000000000111111111111111000000000,848
284505,850,49.913,000000000111111111111111000000000,849
284506,851,49.976,000000000111111111111111000000000,850
284507,852,50.04,000000000111111111111111000000000,851
284508,853,50.104,000000000111111111111111000000000,852
284509,854,50.167,000000000111111111111111000000000,853
284510,855,50.231,000000000111111111111111000000000,854
284511,856,50.295,000000000111111111111111000000000,855
284512,857,50.358,000000000111111111111111000000000,856
284513,858,50.422,000000000111111111111111000000000,857
284514,859,50.486,000000000111111111111111000000000,858
284515,860,50.55,000000000111111111111111000000000,859
284516,861,50.613,000000000111111111111111000000000,860
284517,862,50.677,000000000111111111111111000000000,861
284518,863,50.741,000000000111111111111111000000000,862
284519,864,50.804,000000000111111111111111000000000,863
284520,865,50.868,000000000111111111111111000000000,864
284521,866,50.931,000000000111111111111111000000000,865
284522,867,50.994,000000000111111111111111000000000,866
284523,868,51.058,000000000111111111111111000000000,867
284524,869,51.121,000000000111111111111111000000000,868
284525,870,51.186,000000000111111111111111000000000,869
284526,871,51.249,000000000111111111111111000000000,870
284527,872,51.313,000000000111111111111111000000000,871
284528,873,51.376,000000000111111111111111000000000,872
284529,874,51.439,000000000111111111111111000000000,873
284530,875,51.503,000000000111111111111111000000000,874
284531,876,51.567,000000000111111111111111000000000,875
284532,877,51.63,000000000111111111111111000000000,876
284533,878,51.694,000000000111111111111111000000000,877
284534,879,51.758,000000000111111111111111000000000,878
284535,880,51.821,000000000111111111111111000000000,879
284536,881,51.885,000000000111111111111111000000000,880
284537,882,51.949,000000000111111111111111000000000,881
284538,883,52.012,000000000111111111111111000000000,882
284539,884,52.076,000000000111111111111111000000000,883
284540,885,52.14,000000000111111111111111000000000,884
284541,886,52.204,000000000111111111111111000000000,885
284542,887,52.267,000000000111111111111111000000000,886
284543,888,52.331,000000000111111111111111000000000,887
284544,889,52.394,000000000111111111111111000000000,888
284545,890,52.459,000000000111111111111111000000000,889
284546,891,52.522,000000000111111111111111000000000,890
284547,892,52.585,000000000111111111111111000000000,891
284548,893,52.648,000000000111111111111111000000000,892
284549,894,52.712,000000000111111111111111000000000,893
284550,895,52.776,000000000111111111111111000000000,894
284551,896,52.839,000000000111111111111111000000000,895
284552,897,52.903,000000000111111111111111000000000,896
284553,898,52.966,000000000111111111111111000000000,897
284554,899,53.031,000000000111111111111111000000000,898
284555,900,53.094,000000000111111111111111000000000,899
284556,901,53.158,000000000111111111111111000000000,900
284557,902,53.222,000000000111111111111111000000000,901
284558,903,53.285,000000000111111111111111000000000,902
284559,904,53.348,000000000111111111111111000000000,903
284560,905,53.412,000000000111111111111111000000000,904
284561,906,53.476,000000000111111111111111000000000,905
284562,907,53.54,000000000111111111111111000000000,906
284563,908,53.603,000000000111111111111111000000000,907
284564,909,53.668,000000000111111111111111000000000,908
284565,910,53.731,000000000111111111111111000000000,909
284566,911,53.794,000000000111111111111111000000000,910
284567,912,53.858,000000000111111111111111000000000,911
284568,913,53.922,000000000111111111111111000000000,912
284569,914,53.986,000000000111111111111111000000000,913
